url,title,content
https://apnews.com/article/climate-electric-vehicles-gasoline-emissions-fossil-fuels-4a37b8f7dab121f5029fd06bed7123c7,"Making EVs takes big energy, but after 2 years, they’re cleaner than gas-fueled cars, study finds | AP News","
Copyright 2026 The Associated Press. All Rights Reserved.

Copyright 2026 The Associated Press. All Rights Reserved.
A person reaches to plug in an electric vehicle at a charging station May 22, 2025, in the City of Commerce, Calif. (AP Photo/Jae C. Hong, File)
Electric vehicles charge at an Electrify America station in Arcadia, Calif., May 22, 2025. (AP Photo/Jae C. Hong, File)
A truck drives between brine evaporation ponds at Albemarle Corp.'s Silver Peak lithium facility Oct. 6, 2022, in Silver Peak, Nev. (AP Photo/John Locher, File)
Electric vehicle parking spots sit near charging stations April 11, 2025, in Evansville, Ind. (AP Photo/Joshua A. Bickel, File)









DETROIT (AP) — Making electric vehicles and their batteries is a dirty process that uses a lot of energy. But a new study says that EVs quickly make up for that withless overall emissionsthrough two years of use than a gas-powered vehicle.
The study also estimated that gas-powered vehicles cause at least twice as much environmental damage over their lifetimes as EVs, and said the benefits of EVs can be expected to increase in coming decades as clean sources of power, such assolar and wind, are brought onto the grid.
The work by researchers from Northern Arizona University and Duke University, published Wednesday in thejournal PLOS Climate, offers insight into a transportation sector that makes up a big part of U.S. emissions. It also comes as some EV skeptics have raised concerns aboutwhether the environmental impact of battery production, including mining, makes it worthwhile to switch to electric.
“While there is a bigger carbon footprint in the very short term because of the manufacturing process in creating the batteries for electric vehicles, very quickly you come out ahead in CO2 emissions by year three and then for all of the rest of the vehicle lifetime, you’re far ahead and so cumulatively much lower carbon footprint,” said Drew Shindell, an earth science professor at Duke University and study co-author.
The researchers evaluated several harmfulair pollutantsmonitored by the Environmental Protection Agency, as well as emissions data, to compare the relative impact over time of EVs and internal combustion engines on air quality and climate change.
Their analysis said that EVs produce 30% higher carbon dioxide emissions than gasoline vehicles in their first two years. That can be attributed to the energy-intensive production and manufacturing processes involved in mining lithium for EV batteries.
A truck drives between brine evaporation ponds at Albemarle Corp.'s Silver Peak lithium facility Oct. 6, 2022, in Silver Peak, Nev. (AP Photo/John Locher, File)

They also sought to account for how the U.S. energy system might develop in coming years, assuming growth in clean energy. And they modeled four different scenarios for EV adoption, ranging from the lowest — a 31% share of vehicle sales — to the highest, 75% of sales, by 2050. (EV sales accounted for about 8% of new vehicle sales in the U.S. in 2024.)

The researchers said the average of those four models found that for each additional kilowatt hour of lithium-ion battery output, carbon dioxide emissions drop by an average of 220 kilograms (485 pounds) in 2030, and another 127 kilograms (280 pounds) in 2050.
The consistent decrease in CO2 emissions from EVs is “not only driven by the on-road vehicles, but also reduction that has been brought due to electricity production,” said lead author Pankaj Sadavarte, a postdoctoral researcher at Northern Arizona University.
Greg Keoleian, a University of Michigan professor of sustainable systems who wasn’t involved in the research, called it a “valuable study” that echoes other findings and “confirms the environmental and economic benefits” of EVs.
“Accelerating the adoption of battery electric vehicles is a key strategy for decarbonizing the transportation sector which will reduce future damages and costs of climate change,” he said.
Shindell, the Duke researcher, said the grid will evolve to have more solar and wind power.
“When you add a bunch of electric vehicles, nobody’s going to build new coal-fired power plants to run these things because coal is really expensive compared to renewables,” he said. “So the grid just overall becomes much cleaner in both the terms of carbon emissions for climate change, and for air pollution.”
Electric vehicles charge at an Electrify America station in Arcadia, Calif., May 22, 2025. (AP Photo/Jae C. Hong, File)

Outside experts agreed — as long as the policy landscape supports it. Thathasn’t been the case under President Donald Trump, who has worked toboost fossil fuelsand restrain solar and wind power development.
“The great news is the rest of the world isn’t slowing down in terms of its embrace of this technology,” said Ellen Kennedy, principal for carbon-free transportation at RMI, a clean energy nonprofit. As for the U.S., she said, “I think it’s important to keep in mind states and local governments, there’s a lot that’s happening on those fronts.”
One thing the study didn’t address was recycling or disposal of batteries at the end of their life. Kennedy said battery recycling will improve, helping to address one of the environmental impacts of their production.
The study comes at a notable time given the challenges that EVs face in the U.S.
EVs have seen more interest in recent years as an alternative to gas-powered cars and trucks — particularly as they become more affordable and charging infrastructure becomes more available.
But growth has slowed amid shifting federal policy toward EVs and an industry step back from ambitious EV production promises.
Electric vehicle parking spots sit near charging stations April 11, 2025, in Evansville, Ind. (AP Photo/Joshua A. Bickel, File)

Former President Joe Biden set a target for 50% of all new vehicle sales in the U.S. to be electric by 2030. But Trumpreversed that policy, and Congress hasterminated federal tax creditsfor an EV purchase. The administration has alsotargeted vehicle pollution rulesthat would encourage greater uptake of EVs in the U.S., and the president has attempted to halta nationwide EV charging buildout.
“The study is important to show how really misguided the current administration’s policies are,” Shindell said. “If we want to protect us from climate change and from the very clear and local damage from poor air quality, this is a really clear way to do it: Incentivize the switch from internal combustion engines to EVs.”
___
Alexa St. John is an Associated Press climate reporter. Follow her on X:@alexa_stjohn. Reach her at[email protected].
___
Read more ofAP’s climate coverage.
___
The Associated Press’ climate and environmental coverage receives financial support from multiple private foundations. AP is solely responsible for all content. Find AP’sstandardsfor working with philanthropies, a list of supporters and funded coverage areas atAP.org.





live


Copyright 2026 The Associated Press. All Rights Reserved."
https://greatlakesecho.org/2026/02/14/why-michigans-rural-residents-are-reluctant-to-drive-electric-vehicles/,Why Michigan’s rural residents are reluctant to drive electric vehicles | Great Lakes Echo,"Great Lakes Echo(https://greatlakesecho.org/2026/02/14/why-michigans-rural-residents-are-reluctant-to-drive-electric-vehicles/)
By Bauyrzhan Zhaxylykov
Only about 5% of rural Michigan residents say they would choose an electric vehicle as their next car, according to a University of Michigan survey of more than 1,000 residents in rural ZIP codes statewide.
The findings come as Michigan works to expand electric vehicle use under its climate and clean energy goals, while rural communities continue to face challenges related to cost, charging access and long driving distances.
Researchers say some of those barriers are real, but others stem from misinformation.
That misinformation is especially common about home charging.
“There are so many people I talk to who say the same thing, like, ‘Oh, I can’t charge overnight,’” said Sabina Tomkins, an assistant professor of information at U-M and one of the study’s authors.
“I don’t really know where that information comes from. I think a lot of the time people just have this belief without checking it,” Tomkins said.
Survey data suggests those concerns are often overstated.
The study found that about 42% of respondents believed they could not charge a battery-equipped electric vehicle overnight at home.
However, researchers estimated that about 75% of those surveyed could meet their daily driving needs with a Level 2 home charger, even during winter.
Many respondents said they drive “too much in a day” for an electric vehicle, but a review of the data suggested otherwise.
Beyond charging logistics, the study found that some rural residents also worry about the environmental impact of lithium batteries used in electric vehicles, including mining and disposal.
Researchers say those concerns reflect a strong connection to the environment in rural communities.
“I think people in rural areas love nature,” said Anna Stefanopoulou, a U-M professor of mechanical engineering and a co-author of the study. “I totally understand their concerns about the disposal of lithium batteries.”
“But efforts to improve recycling can reduce those impacts, similar to what has happened with lead-acid batteries,” Stefanopoulou said.
While home charging may be more feasible than many people believe, access to public charging stations remains a major barrier.
About 70% of rural respondents did not have access to a fast charger within 5 miles at places where they would realistically stop, according to the study.
Although public chargers are available, researchers found they are often not located where rural drivers actually need them.
“There’s just not enough public charging infrastructure in rural areas,” Tomkins said.
“We found there’s some potential for information efforts around overnight charging, but there’s also a real need for infrastructure and policy spending focused on public charging,” she said.
National data shows these challenges extend beyond Michigan.
For example, a 2025 Mintel report found that affordability, range anxiety and uneven charging access continue to slow electric vehicle adoption across the U.S.
While about 12% of consumers nationally own an electric vehicle, ownership remains lower in the Midwest, where just 8% report owning an EV, compared with 16% in the Westand 15% in the Northeast.
Parth Vaishnav, an assistant professor of sustainable systems at U-M and another co-author of the study, said infrastructure gaps play a major role in shaping rural adoption.
Without reliable public charging, Vaishnav said, electric vehicles remain less practical for many rural drivers.
In response to these barriers, in 2023, Gretchen Whitmer’s administration announced initiatives to accelerate use of electric vehicles across Michigan.
That included the launch of the State of Michigan Community EV Toolkit, which helps local governments plan for and expand EV charging infrastructure.
Backed by millions of dollars in state and federal investment, the state is working to build charging corridors with stations spaced roughly every 50 miles along major routes, while also supporting community-level chargers and clean energy manufacturing.
Beyond infrastructure gaps, the study also found that cost perceptions don’t always reflect reality. More than half of respondents who felt that electric vehicles are too expensive reported having household budgets showing they could afford an EV, indicating that many residents think they cost more than they actually do.
Fear of battery replacement costs also remains common.
Stefanopoulou said, “Concerns about the cost of replacing batteries are a bit strange since most EV manufacturers cover battery pack replacement under warranty.”
She noted that manufacturers must guarantee at least 80% battery capacity for 10 years or 150,000 miles, meaning batteries that fall below that level are usually replaced under warranty.
The authors said policymakers have already taken steps to address battery durability concerns, including a requirement that automakers display battery state-of-health information on vehicle dashboards beginning with 2026 models, a move they say could help reassure consumers.
Capital News Service is a wire service at Michigan State University covering state government - issues and personalities.
We're a project of theKnight Center for Environmental JournalismatMichigan State University.
Comments are closed.
Environmental news of the Great Lakes region from the Knight Center for Environmental Journalism at Michigan State University.
© Copyright 2026, Great Lakes Echo
Built with theLargo WordPress Themefrom theInstitute for Nonprofit News.
Back to top ↑"
https://www.ladbible.com/news/technology/electric-cars-environmental-benefit-electricity-306719-20260211,Scientists issue warning about how good electric cars really are for environment,"Home>News>Technology
Scientists have shared some less-than-good news in a 'sanity check' study
Jen Thomas
The environmental benefits of electric cars may have been overstated, scientists have claimed.
Anew studyhas examined how muchcarbonthe vehicles save over their lifespan.
Researchers from Queen Mary University shared a report which isn't as hopeful as manyelectric vehicleowners might hope.
The study says the UK is not geared up for electric vehicles, often referred to as EVs, and because of this they are actually doing more harm than good.
Advert
Many people have splashed out a lot of money on an electric vehicle, thinking they are doing their part to protect theenvironmentand fend off climate change.
The team has issued a 'sanity check' in a new paper, published in the Environmental Research journal, about how much good EVs really do.
The major issue the scientists highlighted is that the UK's electricity grid hasn't fully switched to renewable energy sources.
Due to this fact, electric vehicles in the UK 'run almost entirely on fossil fuel burnt at power stations'.
The scientists have come to a conclusion which might surprise many people, as they have said hybrid or efficient diesel cars are actually the best options for the environment.
Co-author of the report, Professor Alan Drew said: ""The UK urgently needs to rethink its priorities.
""EVs and heat pumps will be valuable later – but for now, we must stop pretending they are reducing emissions when the data shows they aren't.""
They say the UK 'needs to spend less time and resources promoting EVs and more on improving the grid itself'.
As well as electric vehicles, the paper also questions how much emphasis has been put on wind farms and solar panels, when taking the UK's climate and weather into account.
They said the effectiveness of the methods varies hugely, and how the weather impacts them has been 'grossly underestimated' in the government's plans.
The experts pointed out that on cloudy or still days, there is a large gap in the amount of energy generated.
Due to this, this energy shortfall has to be met by gas-fired power stations instead.
During these 'gaps', electric vehicles actually put more pressure on the grid, and more fossil fuels are burned in order to provide the extra electricity needed, which the solar panels or wind farms aren't generating.
The report essentially says that instead of reducing the carbon output, buying an EV actually adds more stress onto the electric grid, and burns more fossil fuel.
The authors say EVs just push the Co2 generation back from the act of driving, to the grid level instead.
Back in 2024, the government said the goal to decarbonise British electricity generation was going to be five years earlier than originally suggested, moving from 2035 to 2030.
In order to do this, there would need to be 43 to 50 GW of offshore wind power generated, along with 27 to 29 GW of onshore wind power, plus 45 to 47 GW of solar power.
The authors say the best thing the government could do would be install more wind and solar power, as the 'gaps' need to be filled without fossil fuel.
Professor Drew said: ""The real work right now is strengthening the grid, building renewables and addressing the enormous challenge [of] storage for surplus electricity that renewables create.""
Topics:Science,Environment,Tesla,UK News
Jen is an experienced SEO writer and radio presenter with too many houseplants and tattoos, and spends most of her time watching new bands or trying to teach her rescue puppy tricks.
@jenthomasradio
Recommended reads
Advert
It's a once-a-week job that'll simplify the process
Stacey Gardiner now needs some serious dental work
""My family took my hobby seriously after that""
Metabolic-dysfunction-associated steatotic liver disease (MASLD) is on the rise. Here is what you need to know"
https://www.bbc.com/news/articles/c30741j351go,The rise of green tech is feeding another environmental crisis,"Raquel Celina Rodriguez watches her step as she walks across the Vega de Tilopozo in Chile's Atacama salt flats.
It's a wetland, known for its groundwater springs, but the plain is now dry and cracked with holes she explains were once pools.
""Before, the Vega was all green,"" she says. ""You couldn't see the animals through the grass. Now everything is dry."" She gestures to some grazing llamas.
For generations, her family raised sheep here. As the climate changed, and rain stopped falling, less grass made that much harder.
But it worsened when ""they"" started taking the water, she explains.
""They"" are lithium companies. Beneath the salt flats of the Atacama Desert lie the world's largest reserves of lithium, a soft, silvery-white metal that is an essential component of the batteries that power electric cars, laptops and solar energy storage.
As the world transitions to more renewable energy sources, the demand for it has soared.
In 2021, about 95,000 tonnes of lithium was consumed globally - by 2024 it had more than doubled to 205,000 tonnes, according to the International Energy Agency (IEA).
By 2040 it's predicted to rise to more than 900,000 tonnes.
Most of the increase will be driven by demand for electric car batteries, the IEA says.
Locals say environmental costs to them have risen too.
So, this soaring demand has raised the question: is the world's race to decarbonise unintentionally stoking another environmental problem?
Chile is the second-largest producer of lithium globally after Australia. In 2023, the government launched a National Lithium Strategy to ramp up production through partly nationalising the industry and encouraging private investment.
Its finance minister previously said the increase in production could be by up to 70% by 2030, although the mining ministry says no target has been set.
This year, a major milestone to that is set to be reached.
A planned joint enterprise between SQM and Chile's state mining company Codelco has just secured regulatory approval for a quota to extract at least 2.5 million metric tonnes of lithium metal equivalent from 2031 to 2060.
Chile's government has framed the plans as part of the global fight against climate change and a source of state income.
Mining companies predominantly extract lithium by pumping brine from beneath Chile's salt flats to evaporation pools on the surface.
The process extracts vast amounts of water in this already drought-prone region.
Faviola Gonzalez is a biologist from the local indigenous community working in the Los Flamencos National Reserve, in the middle of the Atacama Desert, home to vast salt flats, marshes and lagoons and some 185 species of birds. She has monitored how the local environment is changing.
""The lagoons here are smaller now,"" she says. ""We've seen a decrease in the reproduction of flamingos.""
She said lithium mining impacts microorganisms that birds feed on in these waters, so the whole food chain is affected.
She points to a spot where, for the first time in 14 years, flamingo chicks hatched this year. She attributes the ""small reproductive success"" to a slight reduction in water extraction in 2021, but says, ""It's small.""
""Before there were many. Now, only a few.""
The underground water from the Andes, rich in minerals, is ""very old"" and replenishes slowly.
""If we are extracting a lot of water and little is entering, there is little to recharge the Salar de Atacama,"" she explains.
About a decade ago the Chilean government ratified applications from local managers of the San Pedro and Vilama rivers for an official declaration that said their river basins and tributaries were ""exhausted"".
A University of Chile study in 2023 concluded that brine extraction was causing the Salar de Atacama to decline at a rate of between 1cm-2 cm per year. According to study author Dr. Francisco Delgado from the University of Chile: ""Subsidence due to irreversible changes in permeability can be a very serious problem.""
Then, last year, an OECD Environmental Performance Review of Chile noted: ""The pressures on water resources from lithium mining are already acute in the Atacama basin and will extend to other regions as lithium extraction ramps up.""
Damage to flora has also been found in some areas. On property in the salt flats, mined by the Chilean company SQM, almost one-third of the native ""algarrobo"" (or carob) trees had started dying as early as 2013 due to the impacts of mining, according to a report published in 2022 by the US-based National Resources Defense Council (NRDC). However, SQM say their own monitoring of carob trees shows numbers have risen.
The issue extends beyond Chile too. The NRDC report claims that lithium mining is ""contributing to conditions of ecological exhaustion"", and ""may decrease freshwater availability for flora and fauna as well as humans"".
He did, however, say that it is difficult to find ""definitive"" evidence on this topic.
Environmental damage is of course inevitable when it comes to mining - not only lithium but also copper mining, which is a major industry in Chile.
""It's hard to imagine any kind of mining that does not have a negative impact,"" says Karen Smith Stegen, a political science professor at Constructor University in Germany, who studies the impacts of lithium mining across the world.
The issue is that mining companies can take steps to mitigate that damage. ""What [mining companies] should have done from the very beginning was to involve these communities,"" she says.
For example, before pumping lithium from underground, companies could carry out ""social impact assessments"" - reviews which take into account the broad impact their work will have on water, wildlife, and communities.
For their part, mining companies now say they are listening. The Chilean firm SQM is one of the main players.
At one of their plants in Antofagasta, Valentín Barrera, Deputy Manager of Sustainability at SQM Lithium, says the firm is working closely with communities to ""understand their concerns"" and carrying out environmental impact assessments.
He feels strongly that in Chile and globally ""we need more lithium for the energy transition.""
He adds that the firm is piloting new technologies. If successful, the idea is to roll these out in their Salar de Atacama plants.
These include both extracting lithium directly from brine, without evaporation pools, and technologies to capture evaporated water and re-inject it into the land.
""We are doing several pilots to understand which one works better in order to increase production but reduce at least 50% of the current brine extraction,"" he said.
He says the pilot in Antofagasta has recovered ""more than one million cubic metres"" of water. ""Starting in 2031, we are going to start this transition.""
But the locals I spoke to are sceptical. ""We believe the Salar de Atacama is like an experiment,"" Faviola argues.
She says it's unknown how the salt flats could ""resist"" this new technology and the reinjection of water and fears they are being used as a ""natural laboratory.""
Sara Plaza, whose family also raised animals in the same community as Raquel, is anxious about the changes she has seen in her lifetime.
She remembers water levels dropping from as early as 2005 but says ""the mining companies never stopped extracting.""
Sara becomes tearful when she speaks about the future.
""The salt flats produce lithium, but one day it will end. Mining will end. And what are the people here going to do? Without water, without agriculture. What are they going to live on?""
""Maybe I won't see it because of my age, but our children, our grandchildren will.""
She believes mining companies have extracted too much water from an ecosystem already struggling from climate change.
""It's very painful,"" she adds. ""The companies give the community a little money, but I'd prefer no money.
""I'd prefer to live off nature and have water to live.""
Sergio Cubillos is head of the association for the Peine community, where Sara and Raquel live.
He says Peine has been forced to change ""our entire drinking water system, electrical system, water treatment system"" because of water shortages.
""There is the issue of climate change, that it doesn't rain anymore, but the main impact has been caused by extractive mining,"" he says.
He says since it started in the 1980s, companies have extracted millions of cubic metres of water and brine – hundreds of litres per second.
""Decisions are made in Santiago, in the capital, very far from here,"" he adds.
He believes that if the President wants to fight climate change, like he said when he ran for office, he needs to involve ""the indigenous people who have existed for millennia in these landscapes.""
Sergio understands that lithium is very important for transitioning to renewable energy but says his community should not be the ""bargaining chip"" in these developments.
His community has secured some economic benefits and oversight with companies but is worried about plans to ramp up production.
He says while seeking technologies to reduce the impact on water is welcome that ""can't be done sitting at a desk in Santiago, but rather here in the territory.""
Chile's government stresses there has been ""ongoing dialogue with indigenous communities"" and they have been consulted over the new Codelco-SQM joint venture's contracts to address concerns around water issues, new technologies and contributions to the communities.
It says increasing production capacity will be based on incorporating new technologies to minimise the environmental and social impact and that the high ""value"" of lithium due to its role in the global energy transition could provide ""opportunities"" for the country's economic development.
Sergio though worries about their area being a ""pilot project"" and says if the impact of new technology is negative, ""We will put all our strength into stopping the activity that could end with Peine being forgotten.""
The Salar de Atacama is a case study for a global dilemma. Climate change is causing droughts and weather changes. But one of the world's current solutions is – according to locals – exacerbating this.
There is a common argument from people who support lithium mining: that even if it damages the environment, it brings huge benefits via jobs and cash.
Daniel Jimenez, from lithium consultancy iLiMarkets, in Santiago, takes this argument a step further.
He claims that environmental damage has been exaggerated by communities who want a pay-out.
""This is about money,"" he argues. ""Companies have poured a lot of money into improving roads, schools – but the claims of communities really go back to the fact they want money.""
But Prof Stegen is unconvinced. ""Mining companies always like to say, 'There are more jobs, you're going to get more money',"" she says.
""Well, that's not particularly what a lot of indigenous communities want. It actually can be disruptive if it changes the structure of their own traditional economy [and] it affects their housing costs.
""The jobs are not the be all and end all for what these communities want.""
In Chile, those I spoke to didn't talk about wanting more money. Nor are they opposed to measures to tackle climate change. Their main question is why they are paying the price.
""I think for the cities maybe lithium is good,"" Raquel says. ""But it also harms us. We don't live the life we used to live here.""
Faviola does not think electrifying alone is the solution to climate change.
""We all must reduce our emissions,"" she says. ""In developed countries like the US and Europe the energy expenditure of people is much greater than here in South America, among us indigenous people.""
""Who are the electric cars going to be for? Europeans, Americans, not us. Our carbon footprint is much smaller.""
""But it's our water that's being taken. Our sacred birds that are disappearing.""

Top image credit: Getty Images. Additional reporting: George Wright

UPDATE 29 September 2025: This article was updated to add more detail on water shortages and carob tree numbers in the Salar de Atacama region and to acknowledge that other forms of mining can cause environmental damage in Chile.
UPDATE 23 October 2025: This article originally referred to a quota which allows the extraction of at least 2.5 million metric tonnes of lithium metal equivalent ""per day"" and was amended because this figure actually refers to the total for the period 2031-2060.
BBC InDepthis the home on the website and app for the best analysis, with fresh perspectives that challenge assumptions and deep reporting on the biggest issues of the day. And we showcase thought-provoking content from across BBC Sounds and iPlayer too. You can send us your feedback on the InDepth section by clicking on the button below.
Amazon wants to get thousands more satellites into orbit to offer internet and mobile services.
The signs describe Belfast Lough as ""highly contaminated with raw sewage"" and tell people not to go into the water.
With some promising computing companies in the field, could Europe be a leader in quantum tech?
The new project will see specially designed floating saltmarshes deployed in coastal waters.
Conservation charity expects more kits to be born on Dartmoor and Exmoor.
Copyright 2026 BBC. All rights reserved. The BBC is not responsible for the content of external sites.Read about our approach to external linking.
"
https://www.bbc.com/news/articles/c0k36v50zvro,How a race for electric vehicles threatens a marine paradise,"Stark images, captured from a drone by environmental campaigners and shared with the BBC, appear to show how nickel mining has stripped forests and polluted waters in one of the most biodiverse marine habitats on Earth.
The Raja Ampat archipelago - a group of small islands in Indonesia's Southwest Papua Province - has been dubbed the ""Amazon of the Seas"".
But mining for nickel - an ingredient in electric vehicle batteries and in stainless steel - has ramped up there in recent years, according to the organisationGlobal Witness.
In a move that was welcomed by campaigners, the Indonesian government this week revoked permits for four out of five mining companies operating in the region.
Ina statement published online, Indonesia's Ministry for the Environment said: ""Raja Ampat's biodiversity is a world heritage that must be protected.
""We pay great attention to mining activities that occur in the area.""
But photographs - taken byGlobal Witness as part of an investigation- appear to show environmental damage already done.
Aerial images show forest loss and sediment run-off into waters that are home to  biodiverse coral reefs.
Global Witness told the BBC that land use for mining, across multiple small islands in the archipelago, increased by 500 hectares - equivalent to about 700 football pitches -  between 2020 and 2024.
Some conservationists,including the organisation Greenpeace, are concerned that the government's decision could be reversed by legal action by the mining companies.
And one company that operates on Gag island, which has particularly rich deposits of nickel, has been allowed to continue its operations. The government said it would order the ""restoration of the ecological impacts that occur"" there.
Coral reef conservationist and ecologist Dr Mark Erdmann told BBC News that he was ""blown away, and so happy"" about the government's decision to revoke the mining permits.
""This is the global epicenter of marine biodiversity,"" he told BBC News.
Dr Erdmann has worked in Raja Ampat for more than two decades and helped set up the network of marine protected areas there. He is one of the founders of a shark rewilding project, called ReShark, based in the region.
He added: ""It was a voice of outrage from the Indonesian people that made the government pay attention.""
But this ecological controversy is an example of how the demand for the metals needed to power battery technology - for electric cars and other low carbon energy sources - can damage the environment.

Indonesia now accounts for more than half of the world's nickel mine production, according toa report last yearby the Institute for Energy Economics and Financial Analysis.
And while the beauty and biodiversity of the Raja Ampat has drawn attention to mining activity there, mining has been linked to ecological damage elsewhere too.
A 2024 study by Forest Watch Indonesiafound a link between the loss of forests associated with mining activity and increased local flooding and landslides.
Increasing demand for so-called critical minerals is shaping economic decisions around the world. It was the driving force for President Trump's recent executive order to jumpstart the mining of metallic nodules from the deep sea in international waters. It isa move that China has called illegal.
Dr Erdmann pointed out that balancing economic growth with environmental protection was a particular dilemma for Indonesia. ""It has a lot of nickel - one way or the other, some of it's going to come out of the ground,"" he said.
Dr Michaela Guo Ying Lo, from the Durrell Institute of Conservation and Ecology (Dice) and the University of Kent, leda study in 2024of the impact of mining on local communities in Sulawesi. The large Indonesian island has most of the country's nickel deposits.
The research showed that mining activity reduced poverty slightly, but that there was significant ""worsening of environmental well-being"" including increased local water and air pollution.
""Indonesia is positioning itself globally in the nickel market,"" Dr Lo told BBC News. ""But it's important not to forget what's happening locally.""
Imam Shofwan, an environmental campaigner from an organisation called Jatam, based in Jakarta, told BBC News: ""They say nickel is a solution to the climate crisis. But it's causing deforestation and destroying farmland.""
He also pointed out to the BBC that low-lying coastal areas, where some nickel deposits are found, are some of the places most vulnerable to the effects of climate change, including rising sea levels.
Dr Erdmann commented: ""The nickel dilemma is a horrible one.
""Mining is always going to be environmentally impactful and we all tend to think that electrification is a good idea. But what is the acceptable damage that we're willing to see?""
The BBC contacted the Indonesian government for comment, but did not receive a reply.
A warming climate has helped some to flourish, researchers say, but the outlook is troubling.
The company says it will create only 100 of its Project Nightingale in its Goodwood headquarters.
Thurrock will get more than 4,000 charge points to encourage drivers to switch to electric cars.
The signs describe Belfast Lough as ""highly contaminated with raw sewage"" and tell people not to go into the water.
Castle Howard says the project will create the ""ancient woodlands of the future"".
Copyright 2026 BBC. All rights reserved. The BBC is not responsible for the content of external sites.Read about our approach to external linking.
"
